"Year","Gear","Species","Length","raising_factor","Size"
2018,"D","A",111,1,"Big"
2018,"D","A",124,1,"Big"
2018,"D","A",121,1,"Big"
2018,"D","A",95,1,"Big"
2018,"D","A",102,1,"Big"
2018,"D","A",96,1,"Big"
2018,"D","A",137,1,"Big"
2018,"D","A",148,1,"Big"
2018,"D","A",139,1,"Big"
2018,"D","A",114,1,"Big"
2018,"D","A",149,1,"Big"
2018,"D","A",102,1,"Big"
2018,"D","A",115,1,"Big"
2018,"D","A",101,1,"Big"
2018,"D","A",96,1,"Big"
2018,"D","A",91,1,"Big"
2018,"D","A",97,1,"Big"
2018,"D","A",95,1,"Big"
2018,"D","A",96,1,"Big"
2018,"D","A",92,1,"Big"
2018,"D","A",95,1,"Big"
2018,"D","A",90,1,"Big"
2018,"D","A",108,1,"Big"
2018,"D","A",89,1,"Big"
2018,"D","A",87,1,"Big"
2018,"D","A",140,1,"Big"
2018,"D","A",98,1,"Big"
2018,"D","A",148,1,"Big"
2018,"D","A",168,1,"Big"
2018,"D","A",137,1,"Big"
2018,"D","A",130,1,"Big"
2018,"D","A",115,1,"Big"
2018,"D","A",150,1,"Big"
2018,"D","A",135,1,"Big"
2018,"D","A",122,1,"Big"
2018,"D","A",152,1,"Big"
2018,"D","A",147,1,"Big"
2018,"D","A",137,1,"Big"
2018,"D","A",134,1,"Big"
2018,"D","A",131,1,"Big"
2018,"D","A",133,1,"Big"
2018,"D","A",137,1,"Big"
2018,"D","A",151,1,"Big"
2018,"D","A",127,1,"Big"
2018,"D","A",154,1,"Big"
2018,"D","A",118,1,"Big"
2018,"D","A",136,1,"Big"
2018,"D","A",130,1,"Big"
2018,"D","A",145,1,"Big"
2018,"D","A",127,1,"Big"
2018,"D","A",124,1,"Big"
2018,"D","A",95,1,"Big"
2018,"D","A",109,1,"Big"
2018,"D","A",95,1,"Big"
2018,"D","A",147,1,"Big"
2018,"D","A",141,1,"Big"
2018,"D","A",102,1,"Big"
2018,"D","A",133,1,"Big"
2018,"D","A",130,1,"Big"
2018,"D","A",136,1,"Big"
2018,"D","A",150,1,"Big"
2018,"D","B",159,1,"Big"
2018,"D","A",114,1,"Big"
2018,"D","A",99,1,"Big"
2018,"D","A",122,1,"Big"
2018,"D","A",95,1,"Big"
2018,"D","A",128,1,"Big"
2018,"D","A",153,1,"Big"
2018,"D","A",120,1,"Big"
2018,"D","A",150,1,"Big"
2018,"D","A",102,1,"Big"
2018,"D","A",132,1,"Big"
2018,"D","A",125,1,"Big"
2018,"D","A",116,1,"Big"
2018,"D","A",128,1,"Big"
2018,"D","A",127,1,"Big"
2018,"D","A",127,1,"Big"
2018,"D","A",126,1,"Big"
2018,"D","A",127,1,"Big"
2018,"D","A",142,1,"Big"
2018,"D","A",108,1,"Big"
2018,"D","A",104,1,"Big"
2018,"D","A",113,1,"Big"
2018,"D","A",116,1,"Big"
2018,"D","A",126,1,"Big"
2018,"D","A",129,1,"Big"
2018,"D","A",134,1,"Big"
2018,"D","B",120,1,"Big"
2018,"D","A",127,1,"Big"
2018,"D","A",147,1,"Big"
2018,"D","B",178,1,"Big"
2018,"D","A",132,1,"Big"
2018,"D","A",133,1,"Big"
2018,"D","A",147,1,"Big"
2018,"D","A",141,1,"Big"
2018,"D","A",130,1,"Big"
2018,"D","A",132,1,"Big"
2018,"D","A",136,1,"Big"
2018,"D","A",157,1,"Big"
2018,"D","A",143,1,"Big"
2018,"D","A",143,1,"Big"
2018,"D","A",144,1,"Big"
2018,"D","A",153,1,"Big"
2018,"D","A",153,1,"Big"
2018,"D","A",149,1,"Big"
2018,"D","A",131,1,"Big"
2018,"D","A",129,1,"Big"
2018,"D","A",117,1,"Big"
2018,"D","A",137,1,"Big"
2018,"D","A",140,1,"Big"
2018,"D","A",130,1,"Big"
2018,"D","A",128,1,"Big"
2018,"D","A",111,1,"Big"
2018,"D","A",136,1,"Big"
2018,"D","A",95,1,"Big"
2018,"D","A",99,1,"Big"
2018,"D","A",115,1,"Big"
2018,"D","A",151,1,"Big"
2018,"D","A",133,1,"Big"
2018,"D","A",99,1,"Big"
2018,"D","A",95,1,"Big"
2018,"D","A",125,1,"Big"
2018,"D","A",127,1,"Big"
2018,"D","A",126,1,"Big"
2018,"D","A",122,1,"Big"
2018,"D","A",128,1,"Big"
2018,"D","A",126,1,"Big"
2018,"D","A",118,1,"Big"
2018,"D","A",101,1,"Big"
2018,"D","A",105,1,"Big"
2018,"D","A",127,1,"Big"
2018,"D","A",132,1,"Big"
2018,"D","A",151,1,"Big"
2018,"D","A",122,1,"Big"
2018,"D","A",146,1,"Big"
2018,"D","A",138,1,"Big"
2018,"D","A",164,1,"Big"
2018,"D","A",135,1,"Big"
2018,"D","A",117,1,"Big"
2018,"D","A",143,1,"Big"
2018,"D","A",148,1,"Big"
2018,"D","A",149,1,"Big"
2018,"D","A",131,1,"Big"
2018,"D","A",96,1,"Big"
2018,"D","A",105,1,"Big"
2018,"D","A",104,1,"Big"
2018,"D","A",111,1,"Big"
2018,"D","A",135,1,"Big"
2018,"D","A",131,1,"Big"
2018,"D","A",129,1,"Big"
2018,"D","A",127,1,"Big"
2018,"D","A",135,1,"Big"
2018,"D","A",121,1,"Big"
2018,"D","A",150,1,"Big"
2018,"D","A",148,1,"Big"
2018,"D","A",154,1,"Big"
2018,"D","A",131,1,"Big"
2018,"D","A",126,1,"Big"
2018,"D","A",127,1,"Big"
2018,"D","A",112,1,"Big"
2018,"D","A",126,1,"Big"
2018,"D","A",115,1,"Big"
2018,"D","A",109,1,"Big"
2018,"D","A",146,1,"Big"
2018,"D","A",143,1,"Big"
2018,"D","A",141,1,"Big"
2018,"D","A",132,1,"Big"
2018,"D","A",158,1,"Big"
2018,"D","A",150,1,"Big"
2018,"D","A",114,1,"Big"
2018,"D","A",148,1,"Big"
2018,"D","A",156,1,"Big"
2018,"D","A",156,1,"Big"
2018,"D","A",154,1,"Big"
2018,"D","A",140,1,"Big"
2018,"D","A",149,1,"Big"
2018,"D","A",134,1,"Big"
2018,"D","A",133,1,"Big"
2018,"D","A",146,1,"Big"
2018,"D","A",128,1,"Big"
2018,"D","A",153,1,"Big"
2018,"D","A",129,1,"Big"
2018,"D","A",138,1,"Big"
2018,"D","A",135,1,"Big"
2018,"D","A",125,1,"Big"
2018,"D","A",113,1,"Big"
2018,"D","A",110,1,"Big"
2018,"D","A",144,1,"Big"
2018,"D","A",153,1,"Big"
2018,"D","A",152,1,"Big"
2018,"D","A",114,1,"Big"
2018,"D","A",113,1,"Big"
2018,"D","A",108,1,"Big"
2018,"D","A",107,1,"Big"
2018,"D","A",129,1,"Big"
2018,"D","B",148,1,"Big"
2018,"D","A",101,1,"Big"
2018,"D","A",105,1,"Big"
2018,"D","A",119,1,"Big"
2018,"D","A",103,1,"Big"
2018,"D","A",98,1,"Big"
2018,"D","A",101,1,"Big"
2018,"D","A",112,1,"Big"
2018,"D","A",104,1,"Big"
2018,"D","A",123,1,"Big"
2018,"D","A",100,1,"Big"
2018,"D","A",94,1,"Big"
2018,"D","A",149,1,"Big"
2018,"D","A",132,1,"Big"
2018,"D","A",128,1,"Big"
2018,"D","B",117,1,"Big"
2018,"D","A",151,1,"Big"
2018,"D","A",131,1,"Big"
2018,"D","A",130,1,"Big"
2018,"D","A",106,1,"Big"
2018,"D","A",119,1,"Big"
2018,"D","A",147,1,"Big"
2018,"D","A",149,1,"Big"
2018,"D","A",153,1,"Big"
2018,"D","A",130,1,"Big"
2018,"D","A",126,1,"Big"
2018,"D","A",129,1,"Big"
2018,"D","A",126,1,"Big"
2018,"D","A",113,1,"Big"
2018,"D","A",122,1,"Big"
2018,"D","A",130,1,"Big"
2018,"D","A",123,1,"Big"
2018,"D","A",115,1,"Big"
2018,"D","A",97,1,"Big"
2018,"D","A",119,1,"Big"
2018,"D","A",133,1,"Big"
2018,"D","A",123,1,"Big"
2018,"D","A",145,1,"Big"
2018,"D","A",154,1,"Big"
2018,"D","A",140,1,"Big"
2018,"D","A",145,1,"Big"
2018,"D","A",146,1,"Big"
2018,"D","A",140,1,"Big"
2018,"D","A",134,1,"Big"
2018,"D","A",132,1,"Big"
2018,"D","A",135,1,"Big"
2018,"D","A",142,1,"Big"
2018,"D","A",136,1,"Big"
2018,"D","A",134,1,"Big"
2018,"D","A",130,1,"Big"
2018,"D","A",148,1,"Big"
2018,"D","A",122,1,"Big"
2018,"D","A",131,1,"Big"
2018,"D","A",131,1,"Big"
2018,"D","A",143,1,"Big"
2018,"D","A",156,1,"Big"
2018,"C","A",41,69.67,"Small"
2018,"C","A",41,69.67,"Small"
2018,"C","A",44,69.67,"Small"
2018,"C","A",43,69.67,"Small"
2018,"C","A",42,69.67,"Small"
2018,"C","A",42,69.67,"Small"
2018,"C","A",44,69.67,"Small"
2018,"C","A",40,69.67,"Small"
2018,"C","A",40,69.67,"Small"
2018,"C","A",42,69.67,"Small"
2018,"C","A",41,69.67,"Small"
2018,"C","A",44,69.67,"Small"
2018,"C","A",42,69.67,"Small"
2018,"C","A",41,69.67,"Small"
2018,"C","A",43,69.67,"Small"
2018,"C","A",40,69.67,"Small"
2018,"C","A",43,69.67,"Small"
2018,"C","A",43,69.67,"Small"
2018,"C","A",41,69.67,"Small"
2018,"C","A",42,69.67,"Small"
2018,"C","A",41,69.67,"Small"
2018,"C","A",40,69.67,"Small"
2018,"C","A",44,69.67,"Small"
2018,"C","A",42,69.67,"Small"
2018,"C","A",43,69.67,"Small"
2018,"C","A",40,69.67,"Small"
2018,"C","A",43,69.67,"Small"
2018,"C","A",42,69.67,"Small"
2018,"C","A",44,69.67,"Small"
2018,"C","A",45,69.67,"Small"
2018,"C","A",43,69.67,"Small"
2018,"C","A",46,69.67,"Small"
2018,"C","A",47,69.67,"Small"
2018,"C","A",43,69.67,"Small"
2018,"C","A",42,69.67,"Small"
2018,"C","A",41,69.67,"Small"
2018,"C","A",44,69.67,"Small"
2018,"C","A",41,69.67,"Small"
2018,"C","A",41,69.67,"Small"
2018,"C","A",41,69.67,"Small"
2018,"C","A",42,69.67,"Small"
2018,"C","A",43,69.67,"Small"
2018,"C","A",44,69.67,"Small"
2018,"C","A",46,69.67,"Small"
2018,"C","A",45,69.67,"Small"
2018,"C","A",43,69.67,"Small"
2018,"C","A",42,69.67,"Small"
2018,"C","A",45,69.67,"Small"
2018,"C","A",44,69.67,"Small"
2018,"C","A",43,69.67,"Small"
2018,"C","A",43,69.67,"Small"
2018,"C","A",44,69.67,"Small"
2018,"C","A",45,69.67,"Small"
2018,"C","A",41,69.67,"Small"
2018,"C","A",43,69.67,"Small"
2018,"C","A",41,69.67,"Small"
2018,"C","A",41,69.67,"Small"
2018,"C","A",43,69.67,"Small"
2018,"C","A",45,69.67,"Small"
2018,"D","A",42,2.06,"Small"
2018,"D","A",42,2.06,"Small"
2018,"D","A",45,2.06,"Small"
2018,"D","A",43,2.06,"Small"
2018,"D","A",44,2.06,"Small"
2018,"D","A",49,2.06,"Small"
2018,"D","A",47,2.06,"Small"
2018,"D","A",45,2.06,"Small"
2018,"D","A",45,2.06,"Small"
2018,"D","A",45,2.06,"Small"
2018,"D","A",41,2.06,"Small"
2018,"D","A",47,2.06,"Small"
2018,"D","A",45,2.06,"Small"
2018,"D","A",40,2.06,"Small"
2018,"D","A",48,2.06,"Small"
2018,"D","A",44,2.06,"Small"
2018,"D","A",40,2.06,"Small"
2018,"D","A",42,2.06,"Small"
2018,"D","A",43,2.06,"Small"
2018,"D","A",44,2.06,"Small"
2018,"D","A",43,2.06,"Small"
2018,"D","A",43,2.06,"Small"
2018,"D","A",35,2.06,"Small"
2018,"D","A",32,2.06,"Small"
2018,"D","A",29,2.06,"Small"
2018,"D","A",26,2.06,"Small"
2018,"D","A",30,2.06,"Small"
2018,"D","A",27,2.06,"Small"
2018,"D","A",26,2.06,"Small"
2018,"D","A",27,2.06,"Small"
2018,"D","A",28,2.06,"Small"
2018,"D","A",28,2.06,"Small"
2018,"D","A",28,2.06,"Small"
2018,"D","A",28,2.06,"Small"
2018,"D","A",25,2.06,"Small"
2018,"D","A",28,2.06,"Small"
2018,"D","A",28,2.06,"Small"
2018,"D","A",30,2.06,"Small"
2018,"D","A",31,2.06,"Small"
2018,"D","A",30,2.06,"Small"
2018,"D","A",27,2.06,"Small"
2018,"D","A",27,2.06,"Small"
2018,"D","A",34,2.06,"Small"
2018,"D","A",36,2.06,"Small"
2018,"D","A",34,2.06,"Small"
2018,"D","A",28,2.06,"Small"
2018,"D","A",35,2.06,"Small"
2018,"D","A",29,2.06,"Small"
2018,"D","A",30,2.06,"Small"
2018,"D","A",30,2.06,"Small"
2018,"D","A",25,2.06,"Small"
2018,"D","A",35,2.06,"Small"
2018,"D","A",35,2.06,"Small"
2018,"D","A",36,2.06,"Small"
2018,"D","A",35,2.06,"Small"
2018,"D","A",36,2.06,"Small"
2018,"D","A",35,2.06,"Small"
2018,"D","A",42,2.06,"Small"
2018,"D","A",35,2.06,"Small"
2018,"D","A",35,2.06,"Small"
2018,"D","A",34,2.06,"Small"
2018,"D","A",29,2.06,"Small"
2018,"D","A",34,2.06,"Small"
2018,"D","A",35,2.06,"Small"
2018,"D","A",34,2.06,"Small"
2018,"D","A",29,2.06,"Small"
2018,"D","A",30,2.06,"Small"
2018,"D","A",34,2.06,"Small"
2018,"D","A",35,2.06,"Small"
2018,"D","A",21,2.06,"Small"
2018,"D","A",21,2.06,"Small"
2018,"D","A",26,17.33,"Small"
2018,"D","A",27,17.33,"Small"
2018,"D","A",27,17.33,"Small"
2018,"D","A",24,17.33,"Small"
2018,"D","A",21,17.33,"Small"
2018,"D","A",26,17.33,"Small"
2018,"D","A",21,17.33,"Small"
2018,"D","A",30,4.49,"Small"
2018,"D","A",25,4.49,"Small"
2018,"D","A",28,4.49,"Small"
2018,"D","A",30,4.49,"Small"
2018,"D","A",31,4.49,"Small"
2018,"D","A",29,4.49,"Small"
2018,"D","A",28,4.49,"Small"
2018,"D","A",29,4.49,"Small"
2018,"D","A",30,4.49,"Small"
2018,"D","A",29,4.49,"Small"
2018,"D","A",29,4.49,"Small"
2018,"D","A",30,4.49,"Small"
2018,"D","A",30,4.49,"Small"
2018,"D","A",30,4.49,"Small"
2018,"D","A",28,4.49,"Small"
2018,"D","A",28,4.49,"Small"
2018,"D","A",27,4.49,"Small"
2018,"D","A",29,4.49,"Small"
2018,"D","A",28,4.49,"Small"
2018,"D","A",29,4.49,"Small"
2018,"D","A",27,4.49,"Small"
2018,"D","A",28,4.49,"Small"
2018,"D","A",27,4.49,"Small"
2018,"D","A",29,4.49,"Small"
2018,"D","A",28,4.49,"Small"
2018,"D","A",28,4.49,"Small"
2018,"D","A",29,4.49,"Small"
2018,"D","A",28,4.49,"Small"
2018,"D","A",29,4.49,"Small"
2018,"D","A",28,4.49,"Small"
2018,"D","A",28,4.49,"Small"
2018,"D","A",30,4.49,"Small"
2018,"D","A",28,4.49,"Small"
2018,"D","A",25,4.49,"Small"
2018,"D","A",28,4.49,"Small"
2018,"D","A",30,4.49,"Small"
2018,"D","A",28,4.49,"Small"
2018,"D","A",27,4.49,"Small"
2018,"D","A",28,4.49,"Small"
2018,"D","A",28,4.49,"Small"
2018,"D","A",27,4.49,"Small"
2018,"D","A",28,4.49,"Small"
2018,"D","A",28,4.49,"Small"
2018,"D","A",27,4.49,"Small"
2018,"D","A",29,4.49,"Small"
2018,"D","A",28,4.49,"Small"
2018,"D","A",29,4.49,"Small"
2018,"D","A",29,4.49,"Small"
2018,"D","A",24,4.49,"Small"
2018,"D","A",26,4.49,"Small"
2018,"D","A",28,4.49,"Small"
2018,"D","A",29,4.49,"Small"
2018,"D","A",27,4.49,"Small"
2018,"D","A",27,4.49,"Small"
2018,"D","A",28,4.49,"Small"
2018,"D","A",27,4.49,"Small"
2018,"D","A",29,4.49,"Small"
2018,"D","A",28,4.49,"Small"
2018,"D","A",30,4.49,"Small"
2018,"D","A",28,4.49,"Small"
2018,"D","A",26,4.49,"Small"
2018,"D","A",27,4.49,"Small"
2018,"D","A",28,4.49,"Small"
2018,"D","A",26,4.49,"Small"
2018,"D","A",27,4.49,"Small"
2018,"D","A",27,4.49,"Small"
2018,"D","A",28,4.49,"Small"
2018,"D","A",28,4.49,"Small"
2018,"D","A",29,4.49,"Small"
2018,"D","A",28,4.49,"Small"
2018,"D","A",28,4.49,"Small"
2018,"D","A",29,4.49,"Small"
2018,"D","A",28,4.49,"Small"
2018,"D","A",29,4.49,"Small"
2018,"D","A",25,4.49,"Small"
2018,"D","A",27,4.49,"Small"
2018,"D","A",28,4.49,"Small"
2018,"D","A",26,4.49,"Small"
2018,"D","A",28,4.49,"Small"
2018,"D","A",52,3.31,"Small"
2018,"D","A",52,3.31,"Small"
2018,"D","A",50,3.31,"Small"
2018,"D","A",51,3.31,"Small"
2018,"D","A",52,3.31,"Small"
2018,"D","A",54,3.31,"Small"
2018,"D","A",50,3.31,"Small"
2018,"D","A",50,3.31,"Small"
2018,"D","A",49,3.31,"Small"
2018,"D","A",52,3.31,"Small"
2018,"D","A",37,3.31,"Small"
2018,"D","A",34,3.31,"Small"
2018,"D","A",46,3.31,"Small"
2018,"D","A",39,3.31,"Small"
2018,"D","A",46,3.31,"Small"
2018,"D","A",53,3.31,"Small"
2018,"D","A",38,3.31,"Small"
2018,"D","A",39,3.31,"Small"
2018,"D","A",42,3.31,"Small"
2018,"D","A",49,3.31,"Small"
2018,"D","A",52,3.31,"Small"
2018,"D","A",50,3.31,"Small"
2018,"D","A",50,3.31,"Small"
2018,"D","A",38,3.31,"Small"
2018,"D","A",50,3.31,"Small"
2018,"D","A",52,3.31,"Small"
2018,"D","A",48,3.31,"Small"
2018,"D","A",31,3.31,"Small"
2018,"D","A",26,3.31,"Small"
2018,"D","A",31,3.31,"Small"
2018,"D","A",31,3.31,"Small"
2018,"D","A",28,3.31,"Small"
2018,"D","A",27,3.31,"Small"
2018,"D","A",28,3.31,"Small"
2018,"D","A",28,3.31,"Small"
2018,"D","A",39,5,"Small"
2018,"D","A",41,5,"Small"
2018,"D","A",41,5,"Small"
2018,"D","A",42,5,"Small"
2018,"D","A",41,5,"Small"
2018,"D","A",47,5,"Small"
2018,"D","A",38,5,"Small"
2018,"D","A",41,5,"Small"
2018,"D","A",52,5,"Small"
2018,"D","A",48,5,"Small"
2018,"D","A",32,2.23,"Small"
2018,"D","A",37,2.23,"Small"
2018,"D","A",38,2.23,"Small"
2018,"D","A",37,2.23,"Small"
2018,"D","A",42,2.23,"Small"
2018,"D","A",36,2.23,"Small"
2018,"D","A",35,2.23,"Small"
2018,"D","A",33,2.23,"Small"
2018,"D","A",34,2.23,"Small"
2018,"D","A",35,2.23,"Small"
2018,"D","A",40,2.23,"Small"
2018,"D","A",38,2.23,"Small"
2018,"D","A",40,2.23,"Small"
2018,"D","A",34,2.23,"Small"
2018,"D","A",37,2.23,"Small"
2018,"D","A",35,2.23,"Small"
2018,"D","A",34,2.23,"Small"
2018,"D","A",35,2.23,"Small"
2018,"D","A",32,2.23,"Small"
2018,"D","A",34,2.23,"Small"
2018,"D","A",33,2.23,"Small"
2018,"D","A",36,2.23,"Small"
2018,"D","A",38,2.23,"Small"
2018,"D","A",35,2.23,"Small"
2018,"D","A",36,2.23,"Small"
2018,"D","A",34,2.23,"Small"
2018,"D","A",40,2.23,"Small"
2018,"D","A",35,2.23,"Small"
2018,"D","A",35,2.23,"Small"
2018,"D","A",34,2.23,"Small"
2018,"D","A",51,2.23,"Small"
2018,"D","A",41,2.23,"Small"
2018,"D","A",47,2.23,"Small"
2018,"D","A",42,2.23,"Small"
2018,"D","A",41,2.23,"Small"
2018,"D","A",40,2.23,"Small"
2018,"D","A",40,2.23,"Small"
2018,"D","A",39,2.23,"Small"
2018,"D","A",42,3.91,"Small"
2018,"D","A",41,3.91,"Small"
2018,"D","A",47,3.91,"Small"
2018,"D","A",41,3.91,"Small"
2018,"D","A",44,3.91,"Small"
2018,"D","A",41,3.91,"Small"
2018,"D","A",43,3.91,"Small"
2018,"D","A",43,3.91,"Small"
2018,"D","A",42,3.91,"Small"
2018,"D","A",43,3.91,"Small"
2018,"D","A",43,3.91,"Small"
2018,"D","A",40,3.91,"Small"
2018,"D","A",44,3.91,"Small"
2018,"D","A",43,3.91,"Small"
2018,"D","A",42,3.91,"Small"
2018,"D","A",40,3.91,"Small"
2018,"D","A",41,3.91,"Small"
2018,"D","A",44,3.91,"Small"
2018,"D","A",47,3.91,"Small"
2018,"D","A",48,3.91,"Small"
2018,"C","B",65,17.41,"Small"
2018,"C","B",60,17.41,"Small"
2018,"C","B",63,17.41,"Small"
2018,"C","B",63,17.41,"Small"
2018,"C","B",70,17.41,"Small"
2018,"C","B",73,17.41,"Small"
2018,"C","B",65,17.41,"Small"
2018,"C","A",40,17.41,"Small"
2018,"C","A",41,17.41,"Small"
2018,"C","A",39,17.41,"Small"
2018,"C","A",45,17.41,"Small"
2018,"C","A",46,17.41,"Small"
2018,"C","A",40,17.41,"Small"
2018,"C","A",46,17.41,"Small"
2018,"C","A",39,17.41,"Small"
2018,"C","A",41,17.41,"Small"
2018,"C","A",37,17.41,"Small"
2018,"C","A",38,17.41,"Small"
2018,"C","A",40,17.41,"Small"
2018,"C","A",42,17.41,"Small"
2018,"C","A",38,17.41,"Small"
2018,"C","A",40,17.41,"Small"
2018,"C","A",42,17.41,"Small"
2018,"C","A",40,17.41,"Small"
2018,"C","A",37,17.41,"Small"
2018,"C","A",42,17.41,"Small"
2018,"C","A",43,17.41,"Small"
2018,"C","A",39,17.41,"Small"
2018,"C","A",40,17.41,"Small"
2018,"C","A",37,17.41,"Small"
2018,"C","A",37,17.41,"Small"
2018,"C","A",46,17.41,"Small"
2018,"C","A",40,17.41,"Small"
2018,"C","A",37,17.41,"Small"
2018,"C","A",46,17.41,"Small"
2018,"C","A",43,17.41,"Small"
2018,"C","A",40,17.41,"Small"
2018,"C","A",60,17.41,"Small"
2018,"C","A",56,17.41,"Small"
2018,"C","A",54,17.41,"Small"
2018,"C","A",57,17.41,"Small"
2018,"C","A",57,17.41,"Small"
2018,"C","A",50,17.41,"Small"
2018,"C","A",56,17.41,"Small"
2018,"C","A",58,17.41,"Small"
2018,"C","A",58,17.41,"Small"
2018,"C","A",53,17.41,"Small"
2018,"C","A",65,17.41,"Small"
2018,"C","A",54,17.41,"Small"
2018,"C","A",59,17.41,"Small"
2018,"C","A",58,17.41,"Small"
2018,"C","A",54,17.41,"Small"
2018,"C","A",58,17.41,"Small"
2018,"C","A",55,17.41,"Small"
2018,"C","A",57,17.41,"Small"
2018,"C","A",55,17.41,"Small"
2018,"C","A",56,17.41,"Small"
2018,"C","A",60,17.41,"Small"
2018,"C","A",58,17.41,"Small"
2018,"C","A",54,17.41,"Small"
2018,"C","A",54,17.41,"Small"
2018,"D","A",37,2.28,"Small"
2018,"D","A",40,2.28,"Small"
2018,"D","A",43,2.28,"Small"
2018,"D","A",49,2.28,"Small"
2018,"D","A",43,2.28,"Small"
2018,"D","A",40,2.28,"Small"
2018,"D","A",39,2.28,"Small"
2018,"D","A",42,2.28,"Small"
2018,"D","A",40,2.28,"Small"
2018,"D","A",41,2.28,"Small"
2018,"D","A",40,2.28,"Small"
2018,"D","A",40,2.28,"Small"
2018,"D","A",39,2.28,"Small"
2018,"D","A",42,2.28,"Small"
2018,"D","A",39,2.28,"Small"
2018,"D","A",42,2.28,"Small"
2018,"D","A",38,2.28,"Small"
2018,"D","A",38,2.28,"Small"
2018,"D","A",37,2.28,"Small"
2018,"D","A",42,2.28,"Small"
2018,"D","A",47,2.28,"Small"
2018,"D","A",39,2.28,"Small"
2018,"D","A",45,2.28,"Small"
2018,"D","A",39,2.28,"Small"
2018,"D","A",41,2.28,"Small"
2018,"D","A",44,2.28,"Small"
2018,"D","A",46,2.28,"Small"
2018,"D","A",42,2.28,"Small"
2018,"D","A",53,2.28,"Small"
2018,"D","A",42,2.28,"Small"
2018,"D","A",42,2.28,"Small"
2018,"D","A",42,2.28,"Small"
2018,"D","A",40,2.28,"Small"
2018,"D","A",46,2.28,"Small"
2018,"D","A",43,2.28,"Small"
2018,"D","A",39,2.28,"Small"
2018,"D","A",41,2.28,"Small"
2018,"D","A",41,2.28,"Small"
2018,"D","A",43,2.28,"Small"
2018,"D","A",42,2.28,"Small"
2018,"D","A",37,2.28,"Small"
2018,"D","A",47,2.28,"Small"
2018,"D","A",45,2.28,"Small"
2018,"D","A",47,2.28,"Small"
2018,"D","A",44,2.28,"Small"
2018,"D","A",47,2.28,"Small"
2018,"D","A",44,2.28,"Small"
2018,"D","A",47,2.28,"Small"
2018,"D","A",25,2.28,"Small"
2018,"D","A",25,2.28,"Small"
2018,"D","A",27,2.28,"Small"
2018,"D","A",31,2.28,"Small"
2018,"D","A",30,2.28,"Small"
2018,"D","A",34,2.28,"Small"
2018,"D","A",30,2.28,"Small"
2018,"D","A",30,2.28,"Small"
2018,"D","A",34,2.28,"Small"
2018,"D","A",34,2.28,"Small"
2018,"D","A",32,2.28,"Small"
2018,"D","A",30,2.28,"Small"
2018,"D","A",31,2.28,"Small"
2018,"D","A",33,2.28,"Small"
2018,"D","A",22,2.28,"Small"
2018,"D","A",21,2.28,"Small"
2018,"D","A",22,2.28,"Small"
2018,"D","A",32,2.28,"Small"
2018,"D","A",30,2.28,"Small"
2018,"D","A",31,2.28,"Small"
2018,"D","A",31,2.28,"Small"
2018,"D","A",34,2.28,"Small"
2018,"D","A",32,2.28,"Small"
2018,"D","A",21,2.28,"Small"
2018,"D","A",31,2.28,"Small"
2018,"D","A",38,2.28,"Small"
2018,"D","A",27,2.28,"Small"
2018,"D","A",32,2.28,"Small"
2018,"D","A",32,2.28,"Small"
2018,"D","A",27,2.28,"Small"
2018,"D","A",32,2.28,"Small"
2018,"D","A",24,2.28,"Small"
2018,"D","A",22,2.28,"Small"
2018,"D","A",26,2.28,"Small"
2018,"D","A",31,2.28,"Small"
2018,"D","A",27,2.28,"Small"
2018,"D","A",28,2.28,"Small"
2018,"D","A",27,2.28,"Small"
2018,"D","A",28,2.28,"Small"
2018,"D","A",27,2.28,"Small"
2018,"D","A",27,2.28,"Small"
2018,"D","A",24,2.28,"Small"
2018,"D","A",20,2.28,"Small"
2018,"D","A",28,2.28,"Small"
2018,"D","A",30,2.28,"Small"
2018,"D","A",28,2.28,"Small"
2018,"D","A",28,2.28,"Small"
2018,"D","A",27,2.28,"Small"
2018,"D","A",27,2.28,"Small"
2018,"D","A",28,2.28,"Small"
2018,"D","A",28,2.28,"Small"
2018,"D","A",30,2.28,"Small"
2018,"D","A",29,2.28,"Small"
2018,"D","A",29,2.28,"Small"
2018,"D","A",29,2.28,"Small"
2018,"D","A",22,2.28,"Small"
2018,"D","A",24,2.28,"Small"
2018,"D","A",24,2.28,"Small"
2018,"D","A",21,2.28,"Small"
2018,"D","A",23,2.28,"Small"
2018,"D","A",29,2.28,"Small"
2018,"D","A",25,2.28,"Small"
2018,"D","A",30,2.28,"Small"
2018,"D","A",22,2.28,"Small"
2018,"D","A",22,2.28,"Small"
2018,"D","A",24,2.28,"Small"
2018,"D","A",23,2.28,"Small"
2018,"D","A",27,2.28,"Small"
2018,"D","A",24,2.28,"Small"
2018,"D","A",28,1,"Small"
2018,"D","A",21,1,"Small"
2018,"D","A",28,1,"Small"
2018,"D","A",25,1,"Small"
2018,"D","A",29,1,"Small"
2018,"D","A",27,1,"Small"
2018,"D","A",34,1,"Small"
2018,"D","A",27,1,"Small"
2018,"D","A",21,1,"Small"
2018,"D","A",30,1,"Small"
2018,"D","A",30,1,"Small"
2018,"D","A",32,1,"Small"
2018,"D","A",34,1,"Small"
2018,"D","A",32,1,"Small"
2018,"D","A",31,1,"Small"
2018,"D","A",32,1,"Small"
2018,"D","A",35,1,"Small"
2018,"D","A",34,1,"Small"
2018,"D","A",33,1,"Small"
2018,"D","A",34,1,"Small"
2018,"D","A",31,1,"Small"
2018,"D","A",31,1,"Small"
2018,"C","A",42,37.83,"Small"
2018,"C","A",44,37.83,"Small"
2018,"C","A",42,37.83,"Small"
2018,"C","A",40,37.83,"Small"
2018,"C","A",44,37.83,"Small"
2018,"C","A",46,37.83,"Small"
2018,"C","A",43,37.83,"Small"
2018,"C","A",47,37.83,"Small"
2018,"C","A",42,37.83,"Small"
2018,"C","A",41,37.83,"Small"
2018,"C","A",44,37.83,"Small"
2018,"C","A",39,37.83,"Small"
2018,"C","A",45,37.83,"Small"
2018,"C","A",44,37.83,"Small"
2018,"C","A",42,37.83,"Small"
2018,"C","A",44,37.83,"Small"
2018,"C","A",43,37.83,"Small"
2018,"C","A",42,37.83,"Small"
2018,"C","A",43,37.83,"Small"
2018,"C","A",45,37.83,"Small"
2018,"C","A",45,37.83,"Small"
2018,"C","A",42,37.83,"Small"
2018,"C","A",48,37.83,"Small"
2018,"C","A",48,37.83,"Small"
2018,"C","A",41,37.83,"Small"
2018,"C","A",42,37.83,"Small"
2018,"C","A",48,37.83,"Small"
2018,"C","A",49,37.83,"Small"
2018,"C","A",48,37.83,"Small"
2018,"C","A",43,37.83,"Small"
2018,"C","A",46,37.83,"Small"
2018,"C","A",33,37.83,"Small"
2018,"C","A",45,37.83,"Small"
2018,"C","A",43,37.83,"Small"
2018,"C","A",38,37.83,"Small"
2018,"C","A",31,68.09,"Small"
2018,"C","A",34,68.09,"Small"
2018,"C","A",30,68.09,"Small"
2018,"C","A",34,68.09,"Small"
2018,"C","A",38,68.09,"Small"
2018,"C","A",34,68.09,"Small"
2018,"C","A",39,68.09,"Small"
2018,"C","A",30,68.09,"Small"
2018,"C","A",31,68.09,"Small"
2018,"C","A",30,68.09,"Small"
2018,"C","A",32,68.09,"Small"
2018,"C","A",32,68.09,"Small"
2018,"C","A",31,68.09,"Small"
2018,"C","A",32,68.09,"Small"
2018,"C","A",29,68.09,"Small"
2018,"C","A",32,68.09,"Small"
2018,"C","A",29,68.09,"Small"
2018,"C","A",32,68.09,"Small"
2018,"C","A",29,68.09,"Small"
2018,"C","A",29,68.09,"Small"
2018,"C","A",29,68.09,"Small"
2018,"C","A",33,68.09,"Small"
2018,"C","A",36,68.09,"Small"
2018,"C","A",30,68.09,"Small"
2018,"C","A",33,68.09,"Small"
2018,"C","A",29,68.09,"Small"
2018,"C","A",29,68.09,"Small"
2018,"C","A",29,68.09,"Small"
2018,"C","A",29,68.09,"Small"
2018,"C","A",30,68.09,"Small"
2018,"C","A",32,68.09,"Small"
2018,"C","A",32,68.09,"Small"
2018,"C","A",31,68.09,"Small"
2018,"C","A",31,68.09,"Small"
2018,"C","A",28,68.09,"Small"
2018,"C","A",31,68.09,"Small"
2018,"C","A",34,68.09,"Small"
2018,"C","A",29,68.09,"Small"
2018,"C","A",34,68.09,"Small"
2018,"C","A",31,68.09,"Small"
2018,"C","A",29,68.09,"Small"
2018,"C","A",34,68.09,"Small"
2018,"C","A",33,68.09,"Small"
2018,"C","A",33,68.09,"Small"
2018,"C","A",31,68.09,"Small"
2018,"C","A",34,68.09,"Small"
2018,"C","A",30,68.09,"Small"
2018,"C","A",34,68.09,"Small"
2018,"C","A",30,68.09,"Small"
2018,"C","A",33,68.09,"Small"
2018,"C","A",32,68.09,"Small"
2018,"C","A",31,68.09,"Small"
2018,"C","A",31,68.09,"Small"
2018,"C","A",30,68.09,"Small"
2018,"C","A",28,68.09,"Small"
2018,"C","A",30,68.09,"Small"
2018,"C","A",32,68.09,"Small"
2018,"C","A",47,68.09,"Small"
2018,"C","A",52,68.09,"Small"
2018,"C","A",43,68.09,"Small"
2018,"C","A",41,68.09,"Small"
2018,"C","A",41,68.09,"Small"
2018,"C","A",53,68.09,"Small"
2018,"C","A",49,68.09,"Small"
2018,"C","A",48,68.09,"Small"
2018,"C","A",57,68.09,"Small"
2018,"C","A",41,68.09,"Small"
2018,"C","A",49,68.09,"Small"
2018,"C","A",47,68.09,"Small"
2018,"C","A",54,68.09,"Small"
2018,"C","A",45,68.09,"Small"
2018,"C","A",44,68.09,"Small"
2018,"C","A",39,68.09,"Small"
2018,"C","A",46,68.09,"Small"
2018,"C","A",38,68.09,"Small"
2018,"C","A",36,62.41,"Small"
2018,"C","A",44,62.41,"Small"
2018,"C","A",32,62.41,"Small"
2018,"C","A",54,62.41,"Small"
2018,"C","A",60,62.41,"Small"
2018,"C","A",33,62.41,"Small"
2018,"C","A",53,62.41,"Small"
2018,"C","A",36,62.41,"Small"
2018,"C","A",36,62.41,"Small"
2018,"C","A",39,62.41,"Small"
2018,"C","B",60,62.41,"Small"
2018,"C","A",32,37.69,"Small"
2018,"C","A",24,37.69,"Small"
2018,"C","A",27,37.69,"Small"
2018,"C","A",24,37.69,"Small"
2018,"C","A",25,37.69,"Small"
2018,"C","A",31,37.69,"Small"
2018,"C","A",31,37.69,"Small"
2018,"C","A",52,37.69,"Small"
2018,"C","A",37,37.69,"Small"
2018,"C","A",26,37.69,"Small"
2018,"C","A",28,26.9,"Small"
2018,"C","A",31,26.9,"Small"
2018,"C","A",33,26.9,"Small"
2018,"C","A",31,26.9,"Small"
2018,"C","A",31,26.9,"Small"
2018,"C","A",31,26.9,"Small"
2018,"C","A",31,26.9,"Small"
2018,"C","A",32,26.9,"Small"
2018,"C","A",32,26.9,"Small"
2018,"C","A",33,26.9,"Small"
2018,"C","A",30,26.9,"Small"
2018,"C","A",32,26.9,"Small"
2018,"C","A",32,26.9,"Small"
2018,"C","A",32,26.9,"Small"
2018,"C","A",35,26.9,"Small"
2018,"C","A",30,26.9,"Small"
2018,"C","A",33,26.9,"Small"
2018,"C","A",29,26.9,"Small"
2018,"C","A",31,26.9,"Small"
2018,"C","A",35,26.9,"Small"
2018,"C","A",33,26.9,"Small"
2018,"C","A",34,26.9,"Small"
2018,"C","A",32,26.9,"Small"
2018,"C","A",32,26.9,"Small"
2018,"C","A",31,26.9,"Small"
2018,"C","A",31,26.9,"Small"
2018,"C","A",34,26.9,"Small"
2018,"C","A",34,26.9,"Small"
2018,"C","A",31,26.9,"Small"
2018,"C","A",31,26.9,"Small"
2018,"C","A",33,26.9,"Small"
2018,"C","A",31,26.9,"Small"
2018,"C","A",31,26.9,"Small"
2018,"C","A",31,26.9,"Small"
2018,"C","A",32,26.9,"Small"
2018,"C","A",32,26.9,"Small"
2018,"C","A",31,26.9,"Small"
2018,"C","A",33,26.9,"Small"
2018,"C","A",32,26.9,"Small"
2018,"C","A",32,26.9,"Small"
2018,"C","A",33,26.9,"Small"
2018,"C","A",34,26.9,"Small"
2018,"C","A",33,26.9,"Small"
2018,"C","A",31,26.9,"Small"
2018,"C","A",33,26.9,"Small"
2018,"C","A",31,26.9,"Small"
2018,"C","A",34,26.9,"Small"
2018,"C","A",33,26.9,"Small"
2018,"C","A",33,26.9,"Small"
2018,"C","A",33,26.9,"Small"
2018,"C","A",32,26.9,"Small"
2018,"C","A",32,26.9,"Small"
2018,"C","A",31,26.9,"Small"
2018,"C","A",31,26.9,"Small"
2018,"C","A",41,28.9,"Small"
2018,"C","A",40,28.9,"Small"
2018,"C","A",37,28.9,"Small"
2018,"C","A",37,28.9,"Small"
2018,"C","A",37,28.9,"Small"
2018,"C","A",38,28.9,"Small"
2018,"C","A",43,28.9,"Small"
2018,"C","A",40,28.9,"Small"
2018,"C","A",41,28.9,"Small"
2018,"C","A",36,28.9,"Small"
2018,"C","A",41,28.9,"Small"
2018,"C","A",41,28.9,"Small"
2018,"C","A",32,28.9,"Small"
2018,"C","A",40,28.9,"Small"
2018,"C","A",39,28.9,"Small"
2018,"C","A",38,28.9,"Small"
2018,"C","A",40,28.9,"Small"
2018,"C","A",40,28.9,"Small"
2018,"C","A",40,28.9,"Small"
2018,"C","A",39,28.9,"Small"
2018,"C","A",32,28.9,"Small"
2018,"C","A",38,28.9,"Small"
2018,"C","A",38,28.9,"Small"
2018,"C","A",36,28.9,"Small"
2018,"C","A",40,28.9,"Small"
2018,"C","A",40,28.9,"Small"
2018,"C","A",36,28.9,"Small"
2018,"C","A",45,28.9,"Small"
2018,"C","A",45,28.9,"Small"
2018,"C","A",48,28.9,"Small"
2018,"C","A",47,28.9,"Small"
2018,"C","A",47,28.9,"Small"
2018,"C","A",46,28.9,"Small"
2018,"C","A",42,28.9,"Small"
2018,"C","A",48,28.9,"Small"
2018,"C","A",44,28.9,"Small"
2018,"C","A",44,28.9,"Small"
2018,"C","A",48,28.9,"Small"
2018,"C","A",48,28.9,"Small"
2018,"C","A",46,28.9,"Small"
2018,"C","A",45,28.9,"Small"
2018,"C","A",46,28.9,"Small"
2018,"C","A",42,28.9,"Small"
2018,"C","A",46,28.9,"Small"
2018,"C","A",44,28.9,"Small"
2018,"C","A",45,28.9,"Small"
2018,"C","B",50,28.9,"Small"
2018,"C","B",42,28.9,"Small"
2018,"C","A",50,28.9,"Small"
2018,"C","A",45,28.9,"Small"
2018,"C","A",51,28.9,"Small"
2018,"C","A",46,28.9,"Small"
2018,"C","A",47,28.9,"Small"
2018,"C","A",49,28.9,"Small"
2018,"C","A",44,28.9,"Small"
2018,"C","A",45,28.9,"Small"
2018,"C","A",44,28.9,"Small"
2018,"C","A",50,28.9,"Small"
2018,"C","A",49,28.9,"Small"
2018,"C","A",45,28.9,"Small"
2018,"C","A",48,28.9,"Small"
2018,"C","A",42,28.9,"Small"
2018,"C","A",46,28.9,"Small"
2018,"C","A",45,28.9,"Small"
2018,"C","A",45,28.9,"Small"
2018,"C","A",53,28.9,"Small"
2018,"C","A",52,28.9,"Small"
2018,"C","A",52,28.9,"Small"
2018,"C","A",56,28.9,"Small"
2018,"C","A",54,28.9,"Small"
2018,"C","A",52,28.9,"Small"
2018,"C","A",52,28.9,"Small"
2018,"C","A",52,28.9,"Small"
2018,"C","A",54,28.9,"Small"
2018,"C","A",52,28.9,"Small"
2018,"C","A",52,28.9,"Small"
2018,"C","A",52,28.9,"Small"
2018,"C","A",54,28.9,"Small"
2018,"C","A",53,28.9,"Small"
2018,"C","A",46,28.9,"Small"
2018,"C","A",44,28.9,"Small"
2018,"C","A",47,28.9,"Small"
2018,"C","A",41,28.9,"Small"
2018,"C","A",44,28.9,"Small"
2018,"C","A",45,28.9,"Small"
2018,"C","A",46,28.9,"Small"
2018,"C","A",42,28.9,"Small"
2018,"C","A",47,28.9,"Small"
2018,"C","A",47,28.9,"Small"
2018,"C","A",49,28.9,"Small"
2018,"C","A",44,28.9,"Small"
2018,"C","A",43,28.9,"Small"
2018,"C","A",49,28.9,"Small"
2018,"C","A",49,28.9,"Small"
2018,"C","A",45,28.9,"Small"
2018,"C","A",50,28.9,"Small"
2018,"C","A",48,28.9,"Small"
2018,"C","A",46,28.9,"Small"
2018,"C","A",45,28.9,"Small"
2018,"C","A",47,28.9,"Small"
2018,"C","A",50,28.9,"Small"
2018,"C","A",49,28.9,"Small"
2018,"C","A",45,28.9,"Small"
2018,"D","A",42,2.07,"Small"
2018,"D","A",40,2.07,"Small"
2018,"D","A",41,2.07,"Small"
2018,"C","A",57,10.18,"Small"
2018,"C","A",73,10.18,"Small"
2018,"C","A",50,10.18,"Small"
2018,"C","A",51,10.18,"Small"
2018,"C","A",72,10.18,"Small"
2018,"C","A",49,10.18,"Small"
2018,"D","A",39,3.67,"Small"
2018,"D","A",43,3.67,"Small"
2018,"D","A",42,3.67,"Small"
2018,"D","A",40,3.67,"Small"
2018,"D","A",46,3.67,"Small"
2018,"D","A",40,3.67,"Small"
2018,"D","A",43,3.67,"Small"
2018,"D","A",45,3.67,"Small"
2018,"D","A",41,3.67,"Small"
2018,"D","A",45,3.67,"Small"
2018,"D","A",31,3.67,"Small"
2018,"D","A",29,3.67,"Small"
2018,"D","A",24,3.67,"Small"
2018,"D","A",28,3.67,"Small"
2018,"D","A",27,3.67,"Small"
2018,"D","A",23,3.67,"Small"
2018,"D","A",24,3.67,"Small"
2018,"D","A",36,3.67,"Small"
2018,"D","A",28,3.67,"Small"
2018,"D","A",24,3.67,"Small"
2018,"D","A",31,3.67,"Small"
2018,"D","A",29,3.67,"Small"
2018,"C","A",47,143.51,"Small"
2018,"C","A",44,143.51,"Small"
2018,"C","A",46,143.51,"Small"
2018,"C","A",44,143.51,"Small"
2018,"C","A",43,143.51,"Small"
2018,"C","A",44,143.51,"Small"
2018,"C","A",49,143.51,"Small"
2018,"C","A",44,143.51,"Small"
2018,"C","A",40,143.51,"Small"
2018,"C","A",48,143.51,"Small"
2018,"C","A",45,143.51,"Small"
2018,"C","A",45,143.51,"Small"
2018,"C","A",50,143.51,"Small"
2018,"C","A",47,143.51,"Small"
2018,"C","A",43,143.51,"Small"
2018,"C","A",43,143.51,"Small"
2018,"C","A",50,143.51,"Small"
2018,"C","A",46,143.51,"Small"
2018,"C","A",44,143.51,"Small"
2018,"C","A",43,143.51,"Small"
2018,"C","A",50,143.51,"Small"
2018,"C","A",50,143.51,"Small"
2018,"C","A",50,143.51,"Small"
2018,"C","A",52,143.51,"Small"
2018,"C","A",52,143.51,"Small"
2018,"C","A",50,143.51,"Small"
2018,"C","A",52,143.51,"Small"
2018,"C","A",52,143.51,"Small"
2018,"C","A",51,143.51,"Small"
2018,"C","A",50,143.51,"Small"
2018,"C","A",54,143.51,"Small"
2018,"C","A",57,143.51,"Small"
2018,"C","A",49,143.51,"Small"
2018,"C","A",50,143.51,"Small"
2018,"C","A",53,143.51,"Small"
2018,"C","A",54,143.51,"Small"
2018,"C","A",50,143.51,"Small"
2018,"C","A",52,143.51,"Small"
2018,"C","A",51,143.51,"Small"
2018,"C","A",41,143.51,"Small"
2018,"C","A",43,143.51,"Small"
2018,"C","A",45,143.51,"Small"
2018,"C","A",42,143.51,"Small"
2018,"C","A",40,143.51,"Small"
2018,"C","A",43,143.51,"Small"
2018,"C","A",45,143.51,"Small"
2018,"C","A",47,143.51,"Small"
2018,"C","A",44,143.51,"Small"
2018,"C","A",41,143.51,"Small"
2018,"C","A",40,143.51,"Small"
2018,"C","A",47,143.51,"Small"
2018,"C","A",49,143.51,"Small"
2018,"C","A",46,143.51,"Small"
2018,"C","A",42,143.51,"Small"
2018,"C","A",43,143.51,"Small"
2018,"C","A",48,143.51,"Small"
2018,"C","A",47,143.51,"Small"
2018,"C","A",43,143.51,"Small"
2018,"C","A",47,143.51,"Small"
2018,"C","A",48,143.51,"Small"
2018,"C","A",47,143.51,"Small"
2018,"D","A",50,2.96,"Small"
2018,"D","A",41,2.96,"Small"
2018,"D","A",50,2.96,"Small"
2018,"D","A",38,2.96,"Small"
2018,"D","A",48,2.96,"Small"
2018,"D","A",50,2.96,"Small"
2018,"D","A",42,2.96,"Small"
2018,"D","A",53,2.96,"Small"
2018,"D","A",53,2.96,"Small"
2018,"D","A",40,2.96,"Small"
2018,"D","A",40,2.96,"Small"
2018,"D","A",41,2.96,"Small"
2018,"D","A",45,2.96,"Small"
2018,"D","A",52,2.96,"Small"
2018,"D","A",41,2.96,"Small"
2018,"D","A",37,2.96,"Small"
2018,"D","A",50,2.96,"Small"
2018,"D","A",41,2.96,"Small"
2018,"D","A",40,2.96,"Small"
2018,"D","A",40,2.96,"Small"
2018,"D","A",39,2.96,"Small"
2018,"D","A",39,2.96,"Small"
2018,"D","A",31,2.96,"Small"
2018,"D","A",31,2.96,"Small"
2018,"D","A",35,2.96,"Small"
2018,"D","A",31,2.96,"Small"
2018,"D","A",36,2.96,"Small"
2018,"D","A",35,2.96,"Small"
2018,"D","A",35,2.96,"Small"
2018,"D","A",30,2.96,"Small"
2018,"D","A",33,2.96,"Small"
2018,"D","A",34,2.96,"Small"
2018,"D","A",34,2.96,"Small"
2018,"D","A",35,2.96,"Small"
2018,"D","A",34,2.96,"Small"
2018,"D","A",36,2.96,"Small"
2018,"D","A",31,2.96,"Small"
2018,"D","A",35,2.96,"Small"
2018,"D","A",32,2.96,"Small"
2018,"D","A",35,2.96,"Small"
2018,"D","A",35,2.96,"Small"
2018,"D","A",36,2.96,"Small"
2018,"D","A",33,2.96,"Small"
2018,"D","A",35,2.96,"Small"
2018,"D","A",36,2.96,"Small"
2018,"D","A",32,2.96,"Small"
2018,"D","A",35,2.96,"Small"
2018,"D","A",34,2.96,"Small"
2018,"D","A",35,2.96,"Small"
2018,"D","A",36,2.96,"Small"
2018,"D","A",37,2.96,"Small"
2018,"D","A",34,2.96,"Small"
2018,"D","A",34,2.96,"Small"
2018,"D","A",35,2.96,"Small"
2018,"D","A",35,2.96,"Small"
2018,"D","A",34,2.96,"Small"
2018,"D","A",37,2.96,"Small"
2018,"D","A",35,2.96,"Small"
2018,"D","A",33,2.96,"Small"
2018,"D","A",40,2.96,"Small"
2018,"D","A",36,2.96,"Small"
2018,"D","A",34,2.96,"Small"
2018,"D","A",35,2.96,"Small"
2018,"D","A",36,2.96,"Small"
2018,"D","A",36,2.96,"Small"
2018,"D","A",38,2.96,"Small"
2018,"D","A",40,2.96,"Small"
2018,"D","A",30,2.96,"Small"
2018,"D","A",24,2.96,"Small"
2018,"D","A",23,2.96,"Small"
2018,"D","A",20,2.96,"Small"
2018,"D","A",24,2.96,"Small"
2018,"D","A",23,2.96,"Small"
2018,"D","A",23,2.96,"Small"
2018,"D","A",24,2.96,"Small"
2018,"D","A",32,2.96,"Small"
2018,"D","A",40,2.96,"Small"
2018,"D","A",27,2.96,"Small"
2018,"D","A",25,2.96,"Small"
2018,"D","A",27,2.96,"Small"
2018,"D","A",25,2.96,"Small"
2018,"D","A",22,2.96,"Small"
2018,"D","A",27,2.96,"Small"
2018,"D","A",23,2.96,"Small"
2018,"D","A",28,2.96,"Small"
2018,"D","A",25,2.96,"Small"
2018,"D","A",31,2.96,"Small"
2018,"D","A",27,2.96,"Small"
2018,"D","A",24,2.96,"Small"
2018,"D","A",27,2.96,"Small"
2018,"D","A",23,2.96,"Small"
2018,"D","A",22,2.96,"Small"
2018,"D","A",23,2.96,"Small"
2018,"D","A",24,2.96,"Small"
2018,"D","A",25,2.96,"Small"
2018,"D","A",23,2.96,"Small"
2018,"D","A",22,2.96,"Small"
2018,"D","A",24,2.96,"Small"
2018,"D","A",25,2.96,"Small"
2018,"D","A",25,2.96,"Small"
2018,"D","A",32,2.96,"Small"
2018,"D","A",24,2.96,"Small"
2018,"D","A",25,2.96,"Small"
2018,"D","A",27,2.96,"Small"
2018,"D","A",27,2.96,"Small"
2018,"D","A",20,2.96,"Small"
2018,"D","A",23,2.96,"Small"
2018,"D","A",23,2.96,"Small"
2018,"D","A",27,2.96,"Small"
2018,"D","A",30,2.96,"Small"
2018,"D","A",31,2.96,"Small"
2018,"D","A",25,2.96,"Small"
2018,"D","A",27,2.96,"Small"
2018,"D","A",28,2.96,"Small"
2018,"D","A",24,2.96,"Small"
2018,"D","A",24,2.96,"Small"
2018,"D","A",24,2.96,"Small"
2018,"D","A",26,2.96,"Small"
2018,"D","A",23,2.96,"Small"
2018,"D","A",25,2.96,"Small"
2018,"D","A",27,2.96,"Small"
2018,"D","A",24,2.96,"Small"
2018,"D","A",21,2.96,"Small"
2018,"D","A",26,2.96,"Small"
2018,"D","A",29,2.96,"Small"
2018,"D","A",27,2.96,"Small"
2018,"D","A",22,2.96,"Small"
2018,"D","A",23,2.96,"Small"
2018,"D","A",23,2.96,"Small"
2018,"D","A",24,2.96,"Small"
2018,"D","A",26,2.96,"Small"
2018,"D","A",30,2.96,"Small"
2018,"D","A",37,2.96,"Small"
2018,"D","A",34,2.96,"Small"
2018,"D","A",29,2.96,"Small"
2018,"D","A",41,2.96,"Small"
2018,"D","A",23,2.96,"Small"
2018,"D","A",28,2.96,"Small"
2018,"D","A",32,2.96,"Small"
2018,"D","A",20,2.96,"Small"
2018,"D","A",22,2.96,"Small"
2018,"D","A",22,2.96,"Small"
2018,"D","A",23,2.96,"Small"
2018,"D","A",27,2.96,"Small"
2018,"D","A",25,2.96,"Small"
2018,"D","A",25,2.96,"Small"
2018,"D","A",23,2.96,"Small"
2018,"D","A",24,2.96,"Small"
2018,"D","A",32,2.96,"Small"
2018,"D","A",31,2.96,"Small"
2018,"D","A",24,2.96,"Small"
2018,"D","A",37,2.96,"Small"
2018,"D","A",21,2.96,"Small"
2018,"D","A",21,2.96,"Small"
2018,"D","A",25,2.96,"Small"
2018,"D","A",26,2.96,"Small"
2018,"D","A",23,2.96,"Small"
2018,"D","A",24,2.96,"Small"
2018,"D","A",23,2.96,"Small"
2018,"D","A",23,2.96,"Small"
2018,"D","A",27,2.96,"Small"
2018,"D","A",24,2.96,"Small"
2018,"D","A",32,2.96,"Small"
2018,"D","A",36,2.96,"Small"
2018,"D","A",32,2.96,"Small"
2018,"D","A",21,2.96,"Small"
2018,"D","A",22,2.96,"Small"
2018,"D","A",27,2.96,"Small"
2018,"D","A",24,2.96,"Small"
2018,"D","A",25,2.96,"Small"
2018,"D","A",30,2.96,"Small"
2018,"D","A",24,2.96,"Small"
2018,"D","A",26,2.96,"Small"
2018,"D","A",42,2.25,"Small"
2018,"D","A",44,2.25,"Small"
2018,"D","A",63,2.25,"Small"
2018,"D","A",49,2.25,"Small"
2018,"D","A",48,2.25,"Small"
2018,"D","A",57,2.25,"Small"
2018,"D","A",59,2.25,"Small"
2018,"D","A",55,2.25,"Small"
2018,"D","A",42,2.25,"Small"
2018,"D","A",42,2.25,"Small"
2018,"D","A",46,2.25,"Small"
2018,"D","A",45,2.25,"Small"
2018,"D","A",47,2.25,"Small"
2018,"D","A",56,2.25,"Small"
2018,"D","A",52,2.25,"Small"
2018,"D","A",49,2.25,"Small"
2018,"D","A",31,2.25,"Small"
2018,"D","A",28,2.25,"Small"
2018,"D","A",25,2.25,"Small"
2018,"D","A",34,2.25,"Small"
2018,"D","A",26,2.25,"Small"
2018,"D","A",23,2.25,"Small"
2018,"D","A",27,2.25,"Small"
2018,"D","A",23,2.25,"Small"
2018,"D","A",23,2.25,"Small"
2018,"D","A",25,2.25,"Small"
2018,"D","A",24,2.25,"Small"
2018,"D","A",24,2.25,"Small"
2018,"D","A",22,2.25,"Small"
2018,"D","A",21,2.25,"Small"
2018,"D","A",26,2.25,"Small"
2018,"D","A",26,2.25,"Small"
2018,"D","A",25,2.25,"Small"
2018,"D","A",32,2.25,"Small"
2018,"D","A",25,2.25,"Small"
2018,"D","A",25,2.25,"Small"
2018,"D","A",29,2.25,"Small"
2018,"D","A",23,2.25,"Small"
2018,"D","A",25,2.25,"Small"
2018,"D","A",27,2.25,"Small"
2018,"D","A",22,2.25,"Small"
2018,"D","A",23,2.25,"Small"
2018,"D","A",26,2.25,"Small"
2018,"D","A",25,2.25,"Small"
2018,"D","A",29,2.25,"Small"
2018,"D","A",21,2.25,"Small"
2018,"D","A",22,2.25,"Small"
2018,"D","A",19,2.25,"Small"
2018,"D","A",32,1.33,"Small"
2018,"D","A",37,1.33,"Small"
2018,"D","A",38,1.33,"Small"
2018,"D","A",30,1.33,"Small"
2018,"D","A",40,1.33,"Small"
2018,"D","A",28,1.33,"Small"
2018,"D","A",23,1.33,"Small"
2018,"D","A",30,1.33,"Small"
2018,"D","A",30,1.33,"Small"
2018,"D","A",27,1.33,"Small"
2018,"D","A",23,1.33,"Small"
2018,"D","A",28,1.33,"Small"
2018,"D","A",21,1.33,"Small"
2018,"D","A",22,1.33,"Small"
2018,"D","A",27,1.33,"Small"
2018,"D","A",28,1.33,"Small"
2018,"D","A",25,1.33,"Small"
2018,"D","A",21,1.33,"Small"
2018,"D","A",25,1.33,"Small"
2018,"D","A",27,1.33,"Small"
2018,"D","A",28,1.33,"Small"
2018,"D","A",28,1.33,"Small"
2018,"D","A",24,1.33,"Small"
2018,"D","A",25,1.33,"Small"
2018,"D","A",23,1.33,"Small"
2018,"D","A",29,1.33,"Small"
2018,"D","A",20,1.33,"Small"
2018,"D","A",28,1.33,"Small"
2018,"D","A",23,1.33,"Small"
2018,"D","A",24,1.33,"Small"
2018,"D","A",24,1.33,"Small"
2018,"D","A",26,1.33,"Small"
2018,"D","A",27,1.33,"Small"
2018,"D","A",28,1.33,"Small"
2018,"D","A",26,1.33,"Small"
2018,"D","A",25,1.33,"Small"
2018,"D","A",27,1.33,"Small"
2018,"D","A",24,1.33,"Small"
2018,"D","A",28,1.33,"Small"
2018,"D","A",23,1.33,"Small"
2018,"D","A",26,1.33,"Small"
2018,"D","A",25,1.33,"Small"
2018,"D","A",24,1.33,"Small"
2018,"D","A",25,1.33,"Small"
2018,"D","A",25,1.33,"Small"
2018,"D","A",20,1.33,"Small"
2018,"D","A",22,1.33,"Small"
2018,"D","A",25,1.33,"Small"
2018,"D","A",23,1.33,"Small"
2018,"D","A",29,1.33,"Small"
2018,"D","A",28,1.33,"Small"
2018,"D","A",27,1.33,"Small"
2018,"D","A",27,1.33,"Small"
2018,"D","A",28,1.33,"Small"
2018,"D","A",31,1.33,"Small"
2018,"D","A",24,1.33,"Small"
2018,"D","A",22,1.33,"Small"
2018,"D","A",28,1.33,"Small"
2018,"D","A",22,1.33,"Small"
2018,"D","A",25,1.33,"Small"
2018,"D","A",37,3.33,"Small"
2018,"D","A",39,3.33,"Small"
2018,"D","A",37,3.33,"Small"
2018,"D","A",39,3.33,"Small"
2018,"D","A",34,3.33,"Small"
2018,"D","A",34,3.33,"Small"
2018,"D","A",27,3.33,"Small"
2018,"D","A",26,3.33,"Small"
2018,"D","A",25,3.33,"Small"
2018,"D","A",26,3.33,"Small"
2018,"D","A",24,3.33,"Small"
2018,"D","A",24,3.33,"Small"
2018,"D","A",27,3.33,"Small"
2018,"D","A",25,3.33,"Small"
2018,"D","A",26,3.33,"Small"
2018,"D","A",24,3.33,"Small"
2018,"D","A",24,3.33,"Small"
2018,"D","A",25,3.33,"Small"
2018,"D","A",27,3.33,"Small"
2018,"D","A",25,3.33,"Small"
2018,"D","A",24,3.33,"Small"
2018,"D","A",26,3.33,"Small"
2018,"D","A",26,3.33,"Small"
2018,"D","A",25,3.33,"Small"
2018,"D","A",24,3.33,"Small"
2018,"D","A",28,3.33,"Small"
2018,"D","A",26,3.33,"Small"
2018,"D","A",26,3.33,"Small"
2018,"D","A",25,3.33,"Small"
2018,"D","A",25,3.33,"Small"
2018,"D","A",26,3.33,"Small"
2018,"D","A",25,3.33,"Small"
2018,"D","A",24,3.33,"Small"
2018,"D","A",23,3.33,"Small"
2018,"D","A",24,3.33,"Small"
2018,"D","A",24,3.33,"Small"
2018,"D","A",24,3.33,"Small"
2018,"D","A",24,3.33,"Small"
2018,"D","A",23,3.33,"Small"
2018,"D","A",27,3.33,"Small"
2018,"D","A",24,3.33,"Small"
2018,"D","A",26,3.33,"Small"
2018,"D","A",25,3.33,"Small"
2018,"D","A",26,3.33,"Small"
2018,"D","A",22,3.33,"Small"
2018,"D","A",28,3.33,"Small"
2018,"D","A",28,3.33,"Small"
2018,"D","A",24,3.33,"Small"
2018,"D","A",27,3.33,"Small"
2018,"D","A",27,3.33,"Small"
2018,"D","A",26,3.33,"Small"
2018,"D","A",28,3.33,"Small"
2018,"D","A",28,3.33,"Small"
2018,"D","A",24,3.33,"Small"
2018,"D","A",26,3.33,"Small"
2018,"D","A",27,3.33,"Small"
2018,"D","A",30,3.33,"Small"
2018,"D","A",30,3.33,"Small"
2018,"D","A",27,3.33,"Small"
2018,"D","A",28,3.33,"Small"
2018,"D","A",26,3.33,"Small"
2018,"D","A",25,3.33,"Small"
2018,"D","A",34,3.33,"Small"
2018,"D","A",27,3.33,"Small"
2018,"D","A",27,3.33,"Small"
2018,"D","A",27,3.33,"Small"
2018,"C","A",49,111.49,"Small"
2018,"C","A",42,111.49,"Small"
2018,"C","A",41,111.49,"Small"
2018,"C","A",48,111.49,"Small"
2018,"C","A",43,111.49,"Small"
2018,"C","A",50,111.49,"Small"
2018,"C","A",56,111.49,"Small"
2018,"C","A",46,111.49,"Small"
2018,"C","A",53,111.49,"Small"
2018,"C","A",41,111.49,"Small"
2018,"C","A",47,111.49,"Small"
2018,"C","A",50,111.49,"Small"
2018,"C","A",42,111.49,"Small"
2018,"C","A",54,111.49,"Small"
2018,"C","A",48,111.49,"Small"
2018,"C","A",46,111.49,"Small"
2018,"C","A",40,111.49,"Small"
2018,"C","A",36,111.49,"Small"
2018,"C","A",48,111.49,"Small"
2018,"D","A",39,1.74,"Small"
2018,"D","A",39,1.74,"Small"
2018,"D","A",40,1.74,"Small"
2018,"D","A",41,1.74,"Small"
2018,"D","A",42,1.74,"Small"
2018,"D","A",48,1.74,"Small"
2018,"D","A",42,1.74,"Small"
2018,"D","A",49,1.74,"Small"
2018,"D","A",40,1.74,"Small"
2018,"D","A",42,1.74,"Small"
2018,"D","A",42,1.74,"Small"
2018,"D","A",40,1.74,"Small"
2018,"D","A",43,1.74,"Small"
2018,"D","A",44,1.74,"Small"
2018,"D","A",42,1.74,"Small"
2018,"D","A",40,1.74,"Small"
2018,"D","A",42,1.74,"Small"
2018,"C","B",58,9.67,"Small"
2018,"C","B",58,9.67,"Small"
2018,"C","B",63,9.67,"Small"
2018,"C","B",64,9.67,"Small"
2018,"C","B",65,9.67,"Small"
2018,"C","B",58,9.67,"Small"
2018,"C","B",59,9.67,"Small"
2018,"C","A",63,9.67,"Small"
2018,"C","A",57,9.67,"Small"
2018,"C","A",59,9.67,"Small"
2018,"C","A",53,9.67,"Small"
2018,"C","B",58,9.67,"Small"
2018,"C","A",57,9.67,"Small"
2018,"C","A",65,9.67,"Small"
2018,"C","A",60,9.67,"Small"
2018,"C","A",59,9.67,"Small"
2018,"C","A",60,9.67,"Small"
2018,"C","A",66,9.67,"Small"
2018,"C","A",65,9.67,"Small"
2018,"C","A",65,9.67,"Small"
2018,"C","A",58,9.67,"Small"
2018,"C","A",59,9.67,"Small"
2018,"C","A",58,9.67,"Small"
2018,"C","A",61,9.67,"Small"
2018,"C","A",56,19.2,"Small"
2018,"C","A",56,19.2,"Small"
2018,"C","A",57,19.2,"Small"
2018,"C","A",59,19.2,"Small"
2018,"C","A",59,19.2,"Small"
2018,"C","A",58,19.2,"Small"
2018,"C","A",58,19.2,"Small"
2018,"C","A",60,19.2,"Small"
2018,"C","A",65,19.2,"Small"
2018,"C","A",57,19.2,"Small"
2018,"C","A",56,19.2,"Small"
2018,"C","A",57,19.2,"Small"
2018,"C","A",55,19.2,"Small"
2018,"C","A",56,19.2,"Small"
2018,"C","A",57,19.2,"Small"
2018,"C","A",56,19.2,"Small"
2018,"C","A",58,4.53,"Small"
2018,"C","B",58,4.53,"Small"
2018,"C","A",60,4.53,"Small"
2018,"C","A",65,4.53,"Small"
2018,"C","A",58,4.53,"Small"
2018,"C","A",70,4.53,"Small"
2018,"C","A",59,4.53,"Small"
2018,"C","A",57,4.53,"Small"
2018,"C","A",56,4.53,"Small"
2018,"C","A",57,4.53,"Small"
2018,"C","A",57,4.53,"Small"
2018,"D","A",33,1,"Small"
2018,"D","A",31,1,"Small"
2018,"D","A",30,1,"Small"
2018,"D","A",36,1,"Small"
2018,"D","A",29,1,"Small"
2018,"D","A",34,1,"Small"
2018,"D","A",29,1,"Small"
2018,"D","A",30,1,"Small"
2018,"D","A",29,1,"Small"
2018,"D","A",28,1,"Small"
2018,"D","A",30,1,"Small"
2018,"D","A",32,1,"Small"
2018,"D","A",33,1,"Small"
2018,"D","A",32,1,"Small"
2018,"D","A",32,1,"Small"
2018,"D","A",35,1,"Small"
2018,"D","A",31,1,"Small"
2018,"D","A",35,1,"Small"
2018,"C","A",40,24.1,"Small"
2018,"C","A",41,24.1,"Small"
2018,"C","A",39,24.1,"Small"
2018,"C","A",41,24.1,"Small"
2018,"C","A",45,24.1,"Small"
2018,"C","A",46,24.1,"Small"
2018,"C","A",43,24.1,"Small"
2018,"C","A",41,24.1,"Small"
2018,"C","A",40,24.1,"Small"
2018,"C","A",39,24.1,"Small"
2018,"C","A",40,24.1,"Small"
2018,"C","A",38,24.1,"Small"
2018,"C","A",39,24.1,"Small"
2018,"C","A",39,24.1,"Small"
2018,"C","A",41,24.1,"Small"
2018,"C","A",39,24.1,"Small"
2018,"C","A",40,24.1,"Small"
2018,"C","A",41,24.1,"Small"
2018,"C","A",39,24.1,"Small"
2018,"C","A",41,24.1,"Small"
2018,"C","A",36,24.1,"Small"
2018,"C","A",39,24.1,"Small"
2018,"C","A",38,24.1,"Small"
2018,"C","A",39,24.1,"Small"
2018,"C","A",39,24.1,"Small"
2018,"C","A",39,24.1,"Small"
2018,"C","A",38,24.1,"Small"
2018,"C","A",46,24.1,"Small"
2018,"C","A",39,24.1,"Small"
2018,"C","A",40,24.1,"Small"
2018,"C","A",38,24.1,"Small"
2018,"C","A",39,24.1,"Small"
2018,"C","A",40,24.1,"Small"
2018,"C","A",38,24.1,"Small"
2018,"C","A",40,24.1,"Small"
2018,"C","A",41,24.1,"Small"
2018,"C","A",39,24.1,"Small"
2018,"C","A",39,24.1,"Small"
2018,"C","A",38,24.1,"Small"
2018,"C","A",39,24.1,"Small"
2018,"C","A",36,24.1,"Small"
2018,"C","A",38,24.1,"Small"
2018,"C","A",40,24.1,"Small"
2018,"C","A",40,24.1,"Small"
2018,"C","A",40,24.1,"Small"
2018,"C","A",41,24.1,"Small"
2018,"C","A",40,24.1,"Small"
2018,"C","A",40,24.1,"Small"
2018,"C","A",44,24.1,"Small"
2018,"C","A",49,24.1,"Small"
2018,"C","A",40,24.1,"Small"
2018,"C","A",33,24.1,"Small"
2018,"C","A",40,24.1,"Small"
2018,"C","A",32,24.1,"Small"
2018,"C","A",39,24.1,"Small"
2018,"C","A",38,24.1,"Small"
2018,"C","A",37,24.1,"Small"
2018,"C","A",37,24.1,"Small"
2018,"C","A",39,24.1,"Small"
2018,"C","A",40,24.1,"Small"
2018,"C","A",41,24.1,"Small"
2018,"C","A",42,24.1,"Small"
2018,"C","A",40,24.1,"Small"
2018,"C","A",39,24.1,"Small"
2018,"C","A",37,24.1,"Small"
2018,"C","A",38,24.1,"Small"
2018,"C","A",41,24.1,"Small"
2018,"C","A",40,24.1,"Small"
2018,"C","A",39,24.1,"Small"
2018,"C","A",32,24.1,"Small"
2018,"C","A",40,24.1,"Small"
2018,"C","A",42,24.1,"Small"
2018,"C","A",40,24.1,"Small"
2018,"C","A",38,24.1,"Small"
2018,"C","A",39,24.1,"Small"
2018,"C","A",38,30.35,"Small"
2018,"C","A",39,30.35,"Small"
2018,"C","A",43,30.35,"Small"
2018,"C","A",41,30.35,"Small"
2018,"C","A",39,30.35,"Small"
2018,"C","A",39,30.35,"Small"
2018,"C","A",41,30.35,"Small"
2018,"C","A",40,30.35,"Small"
2018,"C","A",38,30.35,"Small"
2018,"C","A",40,30.35,"Small"
2018,"C","A",40,30.35,"Small"
2018,"C","A",41,30.35,"Small"
2018,"C","A",42,30.35,"Small"
2018,"C","A",37,30.35,"Small"
2018,"C","A",42,30.35,"Small"
2018,"C","A",41,30.35,"Small"
2018,"C","A",40,30.35,"Small"
2018,"C","A",41,30.35,"Small"
2018,"C","A",41,30.35,"Small"
2018,"C","A",42,30.35,"Small"
2018,"C","A",38,30.35,"Small"
2018,"C","A",42,30.35,"Small"
2018,"C","A",40,30.35,"Small"
2018,"C","A",40,30.35,"Small"
2018,"C","A",38,30.35,"Small"
2018,"C","A",41,30.35,"Small"
2018,"C","A",41,30.35,"Small"
2018,"C","A",41,30.35,"Small"
2018,"C","A",41,30.35,"Small"
2018,"C","A",45,37.13,"Small"
2018,"C","A",46,37.13,"Small"
2018,"C","A",41,37.13,"Small"
2018,"C","A",44,37.13,"Small"
2018,"C","A",48,37.13,"Small"
2018,"C","A",44,37.13,"Small"
2018,"C","A",46,37.13,"Small"
2018,"C","A",43,37.13,"Small"
2018,"C","A",35,37.13,"Small"
2018,"C","A",44,37.13,"Small"
2018,"C","A",43,37.13,"Small"
2018,"C","A",42,37.13,"Small"
2018,"C","A",43,37.13,"Small"
2018,"C","A",45,37.13,"Small"
2018,"C","A",44,37.13,"Small"
2018,"C","A",44,37.13,"Small"
2018,"C","A",43,37.13,"Small"
2018,"C","A",44,37.13,"Small"
2018,"C","A",44,37.13,"Small"
2018,"C","A",47,37.13,"Small"
2018,"C","A",45,37.13,"Small"
2018,"C","A",42,37.13,"Small"
2018,"C","A",44,37.13,"Small"
2018,"C","A",47,37.13,"Small"
2018,"C","A",49,37.13,"Small"
2018,"C","A",47,37.13,"Small"
2018,"C","A",48,37.13,"Small"
2018,"C","A",44,37.13,"Small"
2018,"C","A",45,37.13,"Small"
2018,"C","A",44,37.13,"Small"
2018,"C","A",43,37.13,"Small"
2018,"C","A",48,37.13,"Small"
2018,"C","A",43,37.13,"Small"
2018,"C","A",48,37.13,"Small"
2018,"C","A",41,37.13,"Small"
2018,"C","A",43,37.13,"Small"
2018,"C","A",43,37.13,"Small"
2018,"C","A",47,37.13,"Small"
2018,"C","A",44,37.13,"Small"
2018,"C","A",42,37.13,"Small"
2018,"C","A",42,37.13,"Small"
2018,"C","A",44,37.13,"Small"
2018,"C","A",47,37.13,"Small"
2018,"C","A",46,37.13,"Small"
2018,"C","A",45,37.13,"Small"
2018,"C","A",43,37.13,"Small"
2018,"C","A",40,37.13,"Small"
2018,"C","A",45,37.13,"Small"
2018,"C","A",42,37.13,"Small"
2018,"C","A",48,37.13,"Small"
2018,"C","A",48,37.13,"Small"
2018,"C","A",46,37.13,"Small"
2018,"C","A",43,37.13,"Small"
2018,"C","A",40,37.13,"Small"
2018,"C","A",45,37.13,"Small"
2018,"C","A",43,37.13,"Small"
2018,"C","A",48,37.13,"Small"
2018,"C","A",46,37.13,"Small"
2018,"C","A",41,37.13,"Small"
2018,"C","A",44,37.13,"Small"
2018,"C","A",42,37.13,"Small"
2018,"C","A",43,37.13,"Small"
2018,"C","A",44,37.13,"Small"
2018,"D","A",59,1,"Small"
2018,"D","A",55,1,"Small"
